name,total,calls,avg,min,max
block,221934.591019,7800.0,28.45315269474359,0.000332,129.968638
shift,18538.421351,2.0,9269.2106755,9223.210733,9315.210618
minimize,24121.523858999997,23400.0,1.0308343529487178,0.008148,23.07284
red_black,18538.41377,4.0,4634.6034425,4603.039156,4662.202399
build,197499.164807,23400.0,8.440135248162393,0.024363,31.852719
apply,157.55911600000002,7850.0,0.02007122496815287,0.005835,0.125255
